{"cameraMode":{"drawMode":0,"name":"Shaded","section":"Shading Mode"},"sceneLighting":false,"audioPlay":false,"sceneViewState":{"m_AlwaysRefresh":false,"showFog":true,"showSkybox":false,"showFlares":true,"showImageEffects":true,"showParticleSystems":true,"showVisualEffectGraphs":true,"m_FxEnabled":true},"in2DMode":false,"pivot":{"x":0.7247866988182068,"y":1.2000174522399903,"z":1.3078056573867798},"rotation":{"x":-0.052861399948596957,"y":0.5774796009063721,"z":-0.037421055138111117,"w":-0.8138713240623474},"size":1.5353840589523316,"orthographic":false}